StoreName,GroceryChain,Cycle,ZoneName,Address,City,State,Country,PostalCode,Case Count,SingleAd,DoubleAd
SAF07X-1546,Safeway,C,07X,221 W Heron St,Aberdeen,WA,US,98520,34,5400.00,7560.00
STB05X-0176,Stater Bros.,C,05X,14168 US Hwy 395,Adelanto,CA,US,92301,20,4050.00,5670.00
SAF07Y-1659,Safeway,C,07Y,1990 14th Ave SE,Albany,OR,US,97322,20,4050.00,5670.00
FME07Y-0005,Fred Meyer,C,07Y,2500 Santiam Highway Southeast,Albany,OR,US,97322,31,5175.00,7245.00
SAF07Y-1889,Safeway,A,07Y,20535 SW TV Highway,Aloha,OR,US,97006,9,2550.00,3570.00
SAF07Y-3557,Safeway,B,07Y,6055 SW 185th Ave,Aloha,OR,US,97078,11,2850.00,3990.00
STB05X-0053,Stater Bros.,B,05X,8770 Baseline Rd,Alta Loma,CA,US,91701,13,3150.00,4410.00
SAF07X-0593,Safeway,C,07X,911 11Th Street,Anacortes,WA,US,98221,26,4700.00,6580.00
FFL05X-0782,Food 4 Less,B,05X,20801 Bear Valley Road,Apple Valley,CA,US,92308,9,2550.00,3570.00
ALB05X-6513,Albertsons,B,05X,20261 Hwy 18,Apple Valley,CA,US,92307,12,3000.00,4200.00
STB05X-0110,Stater Bros.,B,05X,21602 Bear Valley Rd,Apple Valley,CA,US,92308,16,3550.00,4970.00
STB05X-0178,Stater Bros.,B,05X,12253 Apple Valley Rd,Apple Valley,CA,US,92308,16,3550.00,4970.00
SAF07X-1522,Safeway,A,07X,20500 Olympic Place,Arlington,WA,US,98223,16,3550.00,4970.00
SAF07X-0534,Safeway,C,07X,3532 172Nd Street Ne,Arlington,WA,US,98223,18,3800.00,5320.00
SAF07Y-3212,Safeway,C,07Y,585 Siskiyou Blvd,Ashland,OR,US,97520,15,3425.00,4795.00
ALB07Y-0573,Albertsons,C,07Y,2301 Ashland St,Ashland,OR,US,97520,16,3550.00,4970.00
SAF07Z-2627,Safeway,A,07Z,3250 Leif Erikson Dr,Astoria,OR,US,97103,9,2550.00,3570.00
SAR07X-0622,Saars,B,07X,1702 Auburn Way N,Auburn,WA,US,98002,5,2400.00,2400.00
HAG07X-3438,Haggen,C,07X,1406 Lake Tapps Pkwy E,Auburn,WA,US,98092,16,3550.00,4970.00
SAF07X-4483,Safeway,B,07X,4010 A Street,Auburn,WA,US,98002,17,3675.00,5145.00
SAF07X-0531,Safeway,B,07X,101 Auburn Way S,Auburn,WA,US,98002,19,3925.00,5495.00
FME07X-0019,Fred Meyer,A,07X,801 Auburn Way North,Auburn,WA,US,98002-4164,27,4800.00,6720.00
SAF07X-1252,Safeway,A,07X,253 High School Rd Ne,Bainbridge Island,WA,US,98110,19,3925.00,5495.00
ALB05X-6512,Albertsons,B,05X,300 S Highland Springs Ave #7,Banning,CA,US,92220,12,3000.00,4200.00
FFL05X-0312,Food 4 Less,B,05X,580 E VIRGINIA WAY,Barstow,CA,US,92311,6,2400.00,2400.00
STB05X-0101,Stater Bros.,B,05X,957 ARMORY RD,Barstow,CA,US,92311,12,3000.00,4200.00
ALB07Z-2592,Albertsons,A,07Z,2108 W Main Street,Battle Ground,WA,US,98604,12,3000.00,4200.00
SAF07Z-4313,Safeway,A,07Z,904 W Main St,Battle Ground,WA,US,98604,14,3300.00,4620.00
FME07Z-0614,Fred Meyer,A,07Z,401 Northwest 12Th Avenue,Battle Ground,WA,US,98604,27,4800.00,6720.00
FFL05X-0386,Food 4 Less,A,05X,1691 E 6th St,Beaumont,CA,US,92223,10,2700.00,3780.00
STB05X-0086,Stater Bros.,B,05X,1661 E 6th St,Beaumont,CA,US,92223,14,3300.00,4620.00
STB05X-0173,Stater Bros.,B,05X,1430 Beaumont Ave.,Beaumont,CA,US,92223,20,4050.00,5670.00
SAF07Y-1073,Safeway,C,07Y,6194 SW Murray Blvd,Beaverton,OR,US,97008,22,4300.00,6020.00
SAF07Y-2631,Safeway,C,07Y,14555 SW Teal Blvd,Beaverton,OR,US,97007,26,4700.00,6580.00
FME07Y-0482,Fred Meyer,C,07Y,15995 Southwest Walker Road,Beaverton,OR,US,97006-4944,30,5100.00,7140.00
FME07Y-0035,Fred Meyer,B,07Y,11425 SW Beaverton Hillsdale Hwy,Beaverton,OR,US,97005-3050,38,5700.00,7980.00
QFC07X-0101,Quality Food Center,B,07X,201 NE State Route 300,Belfair,WA,US,98528,9,2550.00,3570.00
SAF07X-1571,Safeway,B,07X,23961 NE State Route 3,Belfair,WA,US,98528,18,3800.00,5320.00
QFC07X-0859,Quality Food Center,B,07X,2636 Bellevue Way Ne,Bellevue,WA,US,98004,7,2400.00,2400.00
QFC07X-0822,Quality Food Center,C,07X,3550 128Th Avenue Se,Bellevue,WA,US,98006,11,2850.00,3990.00
QFC07X-0826,Quality Food Center,A,07X,15600 NE 8TH Street,Bellevue,WA,US,98008,14,3300.00,4620.00
QFC07X-0874,Quality Food Center,B,07X,1510 145Th Place Se,Bellevue,WA,US,98007,16,3550.00,4970.00
SAF07X-1444,Safeway,C,07X,15100 S.E. 38th St,Bellevue,WA,US,98006,16,3550.00,4970.00
SAF07X-0490,Safeway,A,07X,1645 140Th Avenue Ne,Bellevue,WA,US,98005,18,3800.00,5320.00
SAF07X-1600,Safeway,A,07X,300 Bellevue Way Ne,Bellevue,WA,US,98004,24,4500.00,6300.00
FME07X-0023,Fred Meyer,B,07X,2041 148TH AVE NE,Bellevue,WA,US,98007-3788,25,4600.00,6440.00
QFC07X-0808,Quality Food Center,B,07X,10116 NE 8Th Street,Bellevue,WA,US,98004,26,4700.00,6580.00
HAG07X-3460,Haggen,B,07X,2900 Woburn St,Bellingham,WA,US,98226,10,2700.00,3780.00
HAG07X-3430,Haggen,A,07X,2814 Meridian St,Bellingham,WA,US,98225,11,2850.00,3990.00
HAG07X-3439,Haggen,B,07X,1401 12th St,Bellingham,WA,US,98225,14,3300.00,4620.00
HAG07X-0043,Haggen,B,07X,210 36th St,Bellingham,WA,US,98225,16,3550.00,4970.00
SAF07X-3285,Safeway,A,07X,1275 E Sunset Dr,Bellingham,WA,US,98226,18,3800.00,5320.00
FME07X-0667,Fred Meyer,B,07X,1225 West Bakerview Road,Bellingham,WA,US,98226,33,5325.00,7455.00
FME07X-0025,Fred Meyer,B,07X,800 Lakeway Dr,Bellingham,WA,US,98229-6283,36,5550.00,7770.00
ALB07Z-2599,Albertsons,A,07Z,1800 N.E. 3rd street,Bend,OR,US,97701,15,3425.00,4795.00
ALB07Z-3553,Albertsons,B,07Z,61155 S Hwy 97,Bend,OR,US,97702,17,3675.00,5145.00
SAF07Z-0514,Safeway,B,07Z,642 NE 3rd Street,Bend,OR,US,97701,18,3800.00,5320.00
SAF07Z-1888,Safeway,A,07Z,320 SW Century Dr,Bend,OR,US,97702,27,4800.00,6720.00
FME07Z-0021,Fred Meyer,A,07Z,61535 S Hwy 97,Bend,OR,US,97702,28,4900.00,6860.00
SAF07Z-1504,Safeway,B,07Z,2650 NE Hwy 20,Bend,OR,US,97701,30,5100.00,7140.00
RAL05X-0681,Ralphs,B,05X,42150 Washington Street,BERMUDA DUNES,CA,US,92203,20,4050.00,5670.00
VON05X-2374,Vons,C,05X,42170 Big Bear Boulevard,Big Bear Lake,CA,US,92315,14,3300.00,4620.00
STB05X-0091,Stater Bros.,B,05X,42171 Big Bear Blvd,Big Bear Lake,CA,US,92315,19,3925.00,5495.00
STB05X-0061,Stater Bros.,B,05X,1045 BLOOMINGTON AVE,Bloomington,CA,US,92316,11,2850.00,3990.00
ALB05X-6587,Albertsons,A,05X,840 E HOBSONWAY,Blythe,CA,US,92225,14,3300.00,4620.00
FME07Z-0041,Fred Meyer,C,07Z,20904 Highway 410,Bonney Lake,WA,US,98390,25,4600.00,6440.00
SAF07X-1413,Safeway,A,07X,3322 132nd St S.E.,Bothell,WA,US,98012,9,2550.00,3570.00
QFC07X-0819,Quality Food Center,C,07X,18921 Bothell Way NE,Bothell,WA,US,98011,12,3000.00,4200.00
QFC07X-0850,Quality Food Center,B,07X,22833 Bothell Everett Hwy,Bothell,WA,US,98021,13,3150.00,4410.00
SAF07X-0535,Safeway,A,07X,20711 Bothell Everett Hwy,Bothell,WA,US,98012,15,3425.00,4795.00
SAF07X-1864,Safeway,C,07X,24040 Bothell Everett Hwy,Bothell,WA,US,98021,24,4500.00,6300.00
FME07X-0457,Fred Meyer,C,07X,21045 Bothell Everett Hwy,Bothell,WA,US,98021,38,5700.00,7980.00
SAF07X-1467,Safeway,C,07X,900 N Callow Ave,Bremerton,WA,US,98312,13,3150.00,4410.00
SAF07X-1524,Safeway,B,07X,1401 N.E. Mcwilliams,Bremerton,WA,US,98311,18,3800.00,5320.00
FME07X-0171,Fred Meyer,B,07X,5050 State Highway 303 Northeast,Bremerton,WA,US,98311-3687,32,5250.00,7350.00
FME07Y-0030,Fred Meyer,C,07Y,325 5th St,Brookings,OR,US,97415,30,5100.00,7140.00
SAF07X-3120,Safeway,B,07X,12725 First Ave St,Burien,WA,US,98168,10,2700.00,3780.00
SAF07X-1664,Safeway,C,07X,138 Southwest 148th Street,Burien,WA,US,98166,22,4300.00,6020.00
FME07X-0028,Fred Meyer,B,07X,14300 1st Ave S,Burien,WA,US,98168-3490,37,5625.00,7875.00
HAG07X-0015,Haggen,A,07X,757 Haggen Drive,Burlington,WA,US,98233,11,2850.00,3990.00
FME07X-0024,Fred Meyer,A,07X,920 South Burlington Boulevard,Burlington,WA,US,98233-3310,20,4050.00,5670.00
SAF07Y-4469,Safeway,B,07Y,246 West Monroe,Burns,OR,US,97720,12,3000.00,4200.00
STB05X-0071,Stater Bros.,C,05X,1155 Calimesa Blvd,Calimesa,CA,US,92320,14,3300.00,4620.00
STB05X-0205,Stater Bros.,C,05X,1004 Cherry Valley Blvd,Calimesa,CA,US,92223,18,3800.00,5320.00
SAF07Z-1287,Safeway,C,07Z,800 NE 3rd Ave,Camas,WA,US,98607,20,4050.00,5670.00
SAF07Y-2604,Safeway,B,07Y,1051 SW 1st Avenue,Canby,OR,US,97013,10,2700.00,3780.00
FME07Y-0651,Fred Meyer,B,07Y,1401 Southeast First,Canby,OR,US,97013,22,4300.00,6020.00
FFL05X-0308,Food 4 Less,A,05X,34251 Date Palm Dr,Cathedral City,CA,US,92234,9,2550.00,3570.00
STB05X-0183,Stater Bros.,A,05X,67800 Vista Chino,Cathedral City,CA,US,92234,12,3000.00,4200.00
STB05X-0127,Stater Bros.,A,05X,69255 Ramon Rd,Cathedral City,CA,US,92234,16,3550.00,4970.00
ALB07Y-0595,Albertsons,B,07Y,1360 Plaza Blvd,Central Point,OR,US,97502,18,3800.00,5320.00
SNK07Z-0381,Shop N Kart,C,07Z,505 South Tower,Centralia,WA,US,98531,7,2400.00,2400.00
SAF07Z-1495,Safeway,C,07Z,1129 Harrison Avenue,Centralia,WA,US,98531,34,5400.00,7560.00
SAF07Z-3525,Safeway,A,07Z,1100 S Market Blvd,Chehalis,WA,US,98532,29,5000.00,7000.00
STB05X-0052,Stater Bros.,A,05X,4721 Riverside Drive,Chino,CA,US,91710,15,3425.00,4795.00
ALB05X-6524,Albertsons,C,05X,12013 Central Ave,Chino,CA,US,91710,16,3550.00,4970.00
STB05X-0209,Stater Bros.,B,05X,8373 Pine Ave,Chino,CA,US,91708,18,3800.00,5320.00
STB05X-0184,Stater Bros.,B,05X,6989 Schaefer Ave.,Chino,CA,US,91710,26,4700.00,6580.00
ALB05X-6515,Albertsons,A,05X,3255 Grand Ave,Chino Hills,CA,US,91709,12,3000.00,4200.00
STB05X-0169,Stater Bros.,A,05X,14250 Chino Hills Pkwy.,Chino Hills,CA,US,91709,14,3300.00,4620.00
ALB05X-6592,Albertsons,A,05X,15970 Los Serranos Country Club Dr,Chino Hills,CA,US,91709,20,4050.00,5670.00
FME07Y-0063,Fred Meyer,B,07Y,16301 SE 82nd Dr,Clackamas,OR,US,97015-9521,27,4800.00,6720.00
SAF07Z-1231,Safeway,B,07Z,12032 SE Sunnyside Rd,Clackamas,OR,US,97015,30,5100.00,7140.00
STB05X-0049,Stater Bros.,A,05X,1055 W Foothill Blvd,Claremont,CA,US,91711,13,3150.00,4410.00
VON05X-2155,Vons,B,05X,550 East Baseline Road,Claremont,CA,US,91711,13,3150.00,4410.00
SAF07Y-4318,Safeway,A,07Y,401 E Columbia River Hwy,Clatskanie,OR,US,97016,7,2400.00,2400.00
FFL05X-0517,Food 4 Less,B,05X,49241 Grapefruit Blvd,Coachella,CA,US,92236,19,3925.00,5495.00
FFL05X-0786,Food 4 Less,B,05X,1150 N Pepper Ave,Colton,CA,US,92324,11,2850.00,3990.00
STB05X-0003,Stater Bros.,A,05X,151 East Valley Blvd.,Colton,CA,US,92324,13,3150.00,4410.00
STB05X-0117,Stater Bros.,B,05X,2053 E Washington St,Colton,CA,US,92324,15,3425.00,4795.00
FME07Y-0050,Fred Meyer,C,07Y,1020 S 1st St,Coos Bay,OR,US,97420-1403,16,3550.00,4970.00
SAF07Y-1556,Safeway,C,07Y,230 E Johnson Ave,Coos Bay,OR,US,97420,16,3550.00,4970.00
SAF07Y-4262,Safeway,A,07Y,155 East First Street,Coquille,OR,US,97423,7,2400.00,2400.00
FME07Y-0060,Fred Meyer,C,07Y,2200 Baseline St,Cornelius,OR,US,97113-8621,18,3800.00,5320.00
STB05X-0103,Stater Bros.,C,05X,1193 Magnolia Ave,Corona,CA,US,92879,9,2550.00,3570.00
VON05X-2381,Vons,B,05X,535 N Mckinley Street,Corona,CA,US,92879,10,2700.00,3780.00
STB05X-0062,Stater Bros.,B,05X,1288 Border Avenue,Corona,CA,US,92882,11,2850.00,3990.00
STB05X-0171,Stater Bros.,B,05X,550 Hidden Valley Parkway,Corona,CA,US,92879,12,3000.00,4200.00
VON05X-2596,Vons,C,05X,369 Magnolia Ave,Corona,CA,US,92879,12,3000.00,4200.00
RAL05X-0136,Ralphs,B,05X,2661 Green River Rd,Corona,CA,US,92882,14,3300.00,4620.00
RAL05X-0045,Ralphs,A,05X,12660 Limonite Ave,Corona,CA,US,92880,17,3675.00,5145.00
STB05X-0170,Stater Bros.,B,05X,2243 Eagle Glen Parkway,Corona,CA,US,92883,19,3925.00,5495.00
ALB05X-6641,Albertsons,A,05X,7070 Archibald Ave,Corona,CA,US,92880,20,4050.00,5670.00
ALB05X-6728,Albertsons,C,05X,260 West Foothill Pkwy,Corona,CA,US,92882,21,4175.00,5845.00
VON05X-2818,Vons,C,05X,11800 De Palma Rd,Corona,CA,US,92883,22,4300.00,6020.00
SAF07Y-1690,Safeway,B,07Y,590 NE Circle Boulevard,Corvallis,OR,US,97330,11,2850.00,3990.00
SAF07Y-4333,Safeway,A,07Y,450 Southwest Third Avenue,Corvallis,OR,US,97333,13,3150.00,4410.00
FME07Y-0070,Fred Meyer,A,07Y,777 Kings Boulevard,Corvallis,OR,US,97330-5620,21,4175.00,5845.00
SAF07Y-1765,Safeway,B,07Y,5270 SW PHILOMATH BLVD,Corvallis,OR,US,97333,25,4600.00,6440.00
SAF07Y-1458,Safeway,A,07Y,1500 E Main St,Cottage Grove,OR,US,97424,17,3675.00,5145.00
FME07X-0053,Fred Meyer,C,07X,16735 Southeast 272nd Street,Covington,WA,US,98042,20,4050.00,5670.00
SAF07Y-4404,Safeway,A,07Y,138 W Ellendale Ave,Dallas,OR,US,97338,22,4300.00,6020.00
SAF07Z-0521,Safeway,C,07Z,20151 Southeast Highway 212,Damascus,OR,US,97009,12,3000.00,4200.00
SAF07X-1186,Safeway,B,07X,27035 Pacific Highway South,Des Moines,WA,US,98198,13,3150.00,4410.00
SAF07X-3540,Safeway,B,07X,21401 Pacific Hwy S,Des Moines,WA,US,98198,17,3675.00,5145.00
VON05X-2177,Vons,B,05X,14200 Palm Dr,Desert Hot Springs,CA,US,92240,18,3800.00,5320.00
STB05X-0084,Stater Bros.,A,05X,13200 Palm Dr,Desert Hot Springs,CA,US,92240,21,4175.00,5845.00
SAF07X-1572,Safeway,B,07X,14020 Main St Northeast,Duvall,WA,US,98019,12,3000.00,4200.00
VON05X-2688,Vons,A,05X,6170 Hamner Ave,Eastvale,CA,US,91752,17,3675.00,5145.00
SAF07X-1297,Safeway,B,07X,23632 Hwy 99,Edmonds,WA,US,98026,11,2850.00,3990.00
QFC07X-0851,Quality Food Center,B,07X,22828 100th Ave W,Edmonds,WA,US,98020,12,3000.00,4200.00
SAF07Y-0371,Safeway,A,07Y,601 West North Street,Enterprise,OR,US,97828,9,2550.00,3570.00
QFC07Z-0863,Quality Food Center,B,07Z,1009 Monroe Avenue,Enumclaw,WA,US,98022,14,3300.00,4620.00
SAF07Z-0494,Safeway,B,07Z,152 Roosevelt Ave,Enumclaw,WA,US,98022,20,4050.00,5670.00
ALB07Y-0560,Albertsons,C,07Y,55 Division Ave,Eugene,OR,US,97404,11,2850.00,3990.00
ALB07Y-3564,Albertsons,A,07Y,3075 Hilyard St.,Eugene,OR,US,97405,11,2850.00,3990.00
SAF07Y-4513,Safeway,B,07Y,350 E 40th Ave,Eugene,OR,US,97405,12,3000.00,4200.00
ALB07Y-0572,Albertsons,C,07Y,311 Coburg Rd,Eugene,OR,US,97401,15,3425.00,4795.00
ALB07Y-3529,Albertsons,C,07Y,1675 W 18th Ave,Eugene,OR,US,97402,20,4050.00,5670.00
ALB07Y-0513,Albertsons,C,07Y,4740 Royal Ave,Eugene,OR,US,97402,22,4300.00,6020.00
SAF07Y-0420,Safeway,C,07Y,1500 Coburg Rd,Eugene,OR,US,97401,23,4400.00,6160.00
SAF07Y-4288,Safeway,B,07Y,145 E 18th Ave,Eugene,OR,US,97401,23,4400.00,6160.00
FME07Y-0417,Fred Meyer,A,07Y,3333 W 11th Ave,Eugene,OR,US,97402-3053,25,4600.00,6440.00
FME07Y-0325,Fred Meyer,C,07Y,60 Division Ave,Eugene,OR,US,97404-5127,35,5475.00,7665.00
QFC07X-0852,Quality Food Center,A,07X,4919 Evergreen Way,Everett,WA,US,98203,10,2700.00,3780.00
QFC07X-0853,Quality Food Center,B,07X,2615 Broadway Ave,Everett,WA,US,98201,11,2850.00,3990.00
SAF07X-2645,Safeway,C,07X,5802 134th PL SE,Everett,WA,US,98208,12,3000.00,4200.00
SAF07X-1461,Safeway,B,07X,520 128th St SW,Everett,WA,US,98204,12,3000.00,4200.00
SAF07X-0503,Safeway,B,07X,11031 19th Ave SE,Everett,WA,US,98208,14,3300.00,4620.00
SAF07X-0474,Safeway,A,07X,1715 Broadway Dr.,Everett,WA,US,98201,15,3425.00,4795.00
SAF07X-3298,Safeway,C,07X,7601 Evergreen Way,Everett,WA,US,98203,25,4600.00,6440.00
SAF07X-1484,Safeway,B,07X,4128 Rucker Ave,Everett,WA,US,98203,26,4700.00,6580.00
FME07X-0458,Fred Meyer,A,07X,12906 Bothell-Everett Hwy,Everett,WA,US,98208,28,4900.00,6860.00
SAF07X-0477,Safeway,B,07X,28810 Military Rd S.,Federal Way,WA,US,98003,9,2550.00,3570.00
SAF07X-1555,Safeway,A,07X,1207 S 320th St,Federal Way,WA,US,98003,24,4500.00,6300.00
FME07X-0111,Fred Meyer,A,07X,33702 21St Avenue Southwest,Federal Way,WA,US,98023-7780,28,4900.00,6860.00
HAG07X-0063,Haggen,A,07X,1815 Main Street,Ferndale,WA,US,98248,22,4300.00,6020.00
SAF07Y-0363,Safeway,B,07Y,700 Highway 101,Florence,OR,US,97439,15,3425.00,4795.00
FME07Y-0464,Fred Meyer,B,07Y,4701 Highway 101,Florence,OR,US,97439,23,4400.00,6160.00
FFL05X-0389,Food 4 Less,C,05X,16991 Valley Blvd,Fontana,CA,US,92335,10,2700.00,3780.00
STB05X-0005,Stater Bros.,A,05X,8228 SIERRA AVE,Fontana,CA,US,92335,11,2850.00,3990.00
STB05X-0095,Stater Bros.,C,05X,18140 Arrow Blvd,Fontana,CA,US,92335,15,3425.00,4795.00
RAL05X-0113,Ralphs,C,05X,16225 Sierra Lakes Parkway,Fontana,CA,US,92336,16,3550.00,4970.00
STB05X-0179,Stater Bros.,C,05X,11225 Sierra Ave,Fontana,CA,US,92337,20,4050.00,5670.00
VON05X-1742,Vons,A,05X,7390 Cherry Ave,Fontana,CA,US,92336,20,4050.00,5670.00
STB05X-0175,Stater Bros.,C,05X,15222 Summit Avenue,Fontana,CA,US,92336,24,4500.00,6300.00
SAF07Y-0406,Safeway,B,07Y,2836 Pacific Ave,Forest Grove,OR,US,97116,18,3800.00,5320.00
SAF07X-3321,Safeway,C,07X,4831 Point Fosdick DR NW,Gig Harbor,WA,US,98335,20,4050.00,5670.00
FME07X-0691,Fred Meyer,C,07X,5502 Point Fosdick Dr Nw,Gig Harbor,WA,US,98335,21,4175.00,5845.00
SAF07X-4406,Safeway,B,07X,11330 N W 51st Ave,Gig Harbor,WA,US,98332,27,4800.00,6720.00
SAF07Y-4387,Safeway,C,07Y,95 82nd Drive,Gladstone,OR,US,97027,12,3000.00,4200.00
SAF07Z-0547,Safeway,A,07Z,10105 224th St E,Graham,WA,US,98338,24,4500.00,6300.00
STB05X-0188,Stater Bros.,B,05X,22201 Barton Rd,Grand Terrace,CA,US,92313,20,4050.00,5670.00
SAF07Y-0290,Safeway,C,07Y,115 SE 7th Street,Grants Pass,OR,US,97526,13,3150.00,4410.00
ALB07Y-3541,Albertsons,A,07Y,1690 Allen Creek Road,Grants Pass,OR,US,97527,13,3150.00,4410.00
SAF07Y-0379,Safeway,A,07Y,1640 Williams Highway,Grants Pass,OR,US,97527,14,3300.00,4620.00
FME07Y-0126,Fred Meyer,C,07Y,1101 Grants Pass Parkway,Grants Pass,OR,US,97526-2359,22,4300.00,6020.00
SAF07Z-0430,Safeway,C,07Z,1455 NE Division St,Gresham,OR,US,97030,17,3675.00,5145.00
SAF07Z-1070,Safeway,B,07Z,1001 SW Highland Dr,Gresham,OR,US,97080,23,4400.00,6160.00
FME07Z-0127,Fred Meyer,B,07Z,2497 SE Burnside Rd,Gresham,OR,US,97080-1299,25,4600.00,6440.00
FME07Z-0153,Fred Meyer,B,07Z,8955 SE 82nd Ave,Happy Valley,OR,US,97266-6605,30,5100.00,7140.00
FME07Z-0694,Fred Meyer,B,07Z,17005 SE Sunnyside Rd,Happy Valley,OR,US,97015,33,5325.00,7455.00
STB05X-0122,Stater Bros.,A,05X,14466 Main Street,Hesperia,CA,US,92345,15,3425.00,4795.00
STB05X-0190,Stater Bros.,C,05X,16904 Main St,Hesperia,CA,US,92345,18,3800.00,5320.00
ALB05X-6503,Albertsons,B,05X,7201 Boulder Ave,Highland,CA,US,92346,8,2400.00,3360.00
STB05X-0058,Stater Bros.,B,05X,3633 Highland Ave,Highland,CA,US,92346,11,2850.00,3990.00
FFL05X-0385,Food 4 Less,C,05X,26529 Highland Ave,Highland,CA,US,92346,14,3300.00,4620.00
STB05X-0210,Stater Bros.,C,05X,27920 Greenspot Rd.,Highland,CA,US,92346,15,3425.00,4795.00
STB05X-0182,Stater Bros.,B,05X,28988 Greenspot Rd,Highland,CA,US,92346,17,3675.00,5145.00
ALB07Y-0590,Albertsons,A,07Y,7500 W Baseline,Hillsboro,OR,US,97123,10,2700.00,3780.00
SAF07Y-1203,Safeway,C,07Y,2525 SE Tualatin Valley Hwy,Hillsboro,OR,US,97123,14,3300.00,4620.00
SAF07Y-0591,Safeway,B,07Y,888 N.E. 25th Ave,Hillsboro,OR,US,97124,15,3425.00,4795.00
FME07Y-0661,Fred Meyer,C,07Y,22075 Northwest Imbrie Drive,Hillsboro,OR,US,97124,27,4800.00,6720.00
SAF07Y-1230,Safeway,B,07Y,2177 NW 185th Avenue,Hillsboro,OR,US,97124,29,5000.00,7000.00
FME07Y-0143,Fred Meyer,C,07Y,6495 SE Tualatin Valley Hwy,Hillsboro,OR,US,97123,39,5775.00,8085.00
SAF07Z-1123,Safeway,C,07Z,2249 Cascade Avenue,Hood River,OR,US,97031,14,3300.00,4620.00
ROS07Z-0016,Rosauers,B,07Z,1867 12th Street,Hood River,OR,US,97031,17,3675.00,5145.00
STB05X-0094,Stater Bros.,A,05X,81056 US Hwy 111,Indio,CA,US,92201,11,2850.00,3990.00
FFL05X-0765,Food 4 Less,A,05X,82124 US HIGHWAY 111,Indio,CA,US,92201,15,3425.00,4795.00
RAL05X-0160,Ralphs,A,05X,49908 Jefferson St,Indio,CA,US,92201,24,4500.00,6300.00
QFC07X-0821,Quality Food Center,B,07X,1540 Gilman Boulevard,Issaquah,WA,US,98027,8,2400.00,3360.00
SAF07X-1624,Safeway,C,07X,735 N W Gilman Boulevard,Issaquah,WA,US,98027,17,3675.00,5145.00
FME07X-0658,Fred Meyer,C,07X,6100 E Lake Sammamish Pkwy SE,Issaquah,WA,US,98029,27,4800.00,6720.00
SAF07X-3006,Safeway,A,07X,1451 Highlands Drive,Issaquah,WA,US,98029,28,4900.00,6860.00
SAF07Y-0386,Safeway,C,07Y,1755 Ivy St,Junction City,OR,US,97448,20,4050.00,5670.00
SAF07Y-1516,Safeway,C,07Y,4990 River Rd N,Keizer,OR,US,97303,23,4400.00,6160.00
SAF07Z-2637,Safeway,A,07Z,411 Three River Drive,Kelso,WA,US,98626,12,3000.00,4200.00
SAF07X-3500,Safeway,C,07X,6850 N E Bothell Way,Kenmore,WA,US,98028,29,5000.00,7000.00
QFC07X-0803,Quality Food Center,A,07X,13304 SE 240th St,Kent,WA,US,98042,8,2400.00,3360.00
SAF07X-0459,Safeway,A,07X,20830 108th Avenue Southeast,Kent,WA,US,98031,9,2550.00,3570.00
SAF07X-1294,Safeway,A,07X,210 Washington Avenue South,Kent,WA,US,98032,16,3550.00,4970.00
SAF07X-0792,Safeway,A,07X,17051 SE 272nd St,Kent,WA,US,98042,18,3800.00,5320.00
SAF07X-1966,Safeway,A,07X,13101 SE Kent Kangley Road,Kent,WA,US,98030,23,4400.00,6160.00
FME07X-0215,Fred Meyer,C,07X,25250 Pacific Highway South,Kent,WA,US,98032,33,5325.00,7455.00
SAF07Y-1478,Safeway,C,07Y,15570 SW Pacific Hwy,King City,OR,US,97224,24,4500.00,6300.00
SAF07X-0186,Safeway,B,07X,8196 NE STATE HIGHWAY 104,Kingston,WA,US,98346,14,3300.00,4620.00
QFC07X-0828,Quality Food Center,C,07X,11224 Ne 124Th Street,Kirkland,WA,US,98034,10,2700.00,3780.00
QFC07X-0894,Quality Food Center,C,07X,425 Urban Plaza Suite 100,Kirkland,WA,US,98033,12,3000.00,4200.00
QFC07X-0838,Quality Food Center,B,07X,14130 Juanita Dr NE,Kirkland,WA,US,98034,14,3300.00,4620.00
SAF07X-0526,Safeway,B,07X,14444 124Th Avenue N E,Kirkland,WA,US,98034,17,3675.00,5145.00
SAF07X-1142,Safeway,C,07X,12519 N E 85Th Street,Kirkland,WA,US,98033,20,4050.00,5670.00
FME07X-0391,Fred Meyer,B,07X,12221 120th Ave NE,Kirkland,WA,US,98034,22,4300.00,6020.00
SAF07X-2734,Safeway,C,07X,10020 NE 137th St,Kirkland,WA,US,98034,26,4700.00,6580.00
ALB07Y-0577,Albertsons,B,07Y,5500 S 6th St,Klamath Falls,OR,US,97603,18,3800.00,5320.00
FME07Y-0165,Fred Meyer,C,07Y,2655 Shasta Way,Klamath Falls,OR,US,97603-4400,26,4700.00,6580.00
SAF07Y-1827,Safeway,B,07Y,2111 Adams Avenue,La Grande,OR,US,97850,17,3675.00,5145.00
STB05X-0128,Stater Bros.,C,05X,78630 Highway 111,La Quinta,CA,US,92253,12,3000.00,4200.00
VON05X-2175,Vons,A,05X,78271 Hwy 111,La Quinta,CA,US,92253,12,3000.00,4200.00
STB05X-0048,Stater Bros.,B,05X,2090 Foothill Blvd,La Verne,CA,US,91750,13,3150.00,4410.00
VON05X-2832,Vons,C,05X,1600 Foothill Blvd,La Verne,CA,US,91750,17,3675.00,5145.00
QFC07Z-0126,Quality Food Center,A,07Z,4775 Whitman Lane Southeast,Lacey,WA,US,98513,8,2400.00,3360.00
SAF07Z-1977,Safeway,B,07Z,6200 Pacific Avenue SE,Lacey,WA,US,98503,12,3000.00,4200.00
FME07Z-0186,Fred Meyer,C,07Z,700 Sleater Kinney Rd SE,Lacey,WA,US,98503-1113,35,5475.00,7665.00
STB05X-0092,Stater Bros.,B,05X,28100 State Highway 189,Lake Arrowhead,CA,US,92352,15,3425.00,4795.00
ALB07X-3416,Albertsons,C,07X,17171 Bothell Way NE,Lake Forest Park,WA,US,98155,14,3300.00,4620.00
SAF07Y-0508,Safeway,B,07Y,401 A Avenue,Lake Oswego,OR,US,97034,11,2850.00,3990.00
ALB07Y-3531,Albertsons,C,07Y,16199 Boones Ferry Road,Lake Oswego,OR,US,97035,12,3000.00,4200.00
SAF07Y-1047,Safeway,A,07Y,17779 Boones Ferry Road,Lake Oswego,OR,US,97035,17,3675.00,5145.00
HAG07X-0071,Haggen,B,07X,8915 Market PL,Lake Stevens,WA,US,98258,13,3150.00,4410.00
SAF07X-1803,Safeway,B,07X,717 STATE ROUTE 9 NE,Lake Stevens,WA,US,98258,36,5550.00,7770.00
SAF07Y-4316,Safeway,C,07Y,244 N F Street,Lakeview,OR,US,97630,8,2400.00,3360.00
SAF07Z-3411,Safeway,B,07Z,8611 Steilacoom Blvd SW,Lakewood,WA,US,98498,25,4600.00,6440.00
SAF07Z-1645,Safeway,B,07Z,10223 Gravelly Lake Dr SW,Lakewood,WA,US,98499,30,5100.00,7140.00
SAF07Y-1558,Safeway,B,07Y,1983 South Main Street,Lebanon,OR,US,97355,16,3550.00,4970.00
SAF07Y-0415,Safeway,A,07Y,4101 NW Logan Road,Lincoln City,OR,US,97367,32,5250.00,7350.00
STB05X-0081,Stater Bros.,A,05X,25630 Barton Rd,Loma Linda,CA,US,92354,13,3150.00,4410.00
SAF07Z-1078,Safeway,A,07Z,2930 Ocean Beach Highway,Longview,WA,US,98632,11,2850.00,3990.00
SAF07Z-0091,Safeway,A,07Z,1227 15Th Ave,Longview,WA,US,98632,20,4050.00,5670.00
FME07Z-0185,Fred Meyer,A,07Z,3184 Ocean Beach Highway,Longview,WA,US,98632-4395,30,5100.00,7140.00
FPV07X-0441,Food Pavillion,A,07X,8130 GUIDE MERIDIAN Road,LYNDEN,WA,US,98264,8,2400.00,3360.00
SAF07X-1930,Safeway,A,07X,8071 Guide Meridian Rd #101,Lynden,WA,US,98264,35,5475.00,7665.00
SAF07X-0485,Safeway,C,07X,19500 Pacific Hwy,Lynnwood,WA,US,98036,11,2850.00,3990.00
QFC07X-0835,Quality Food Center,B,07X,7500 B 196Th Southwest,Lynnwood,WA,US,98036,12,3000.00,4200.00
SAF07X-0469,Safeway,C,07X,12811 Beverly Park Rd,Lynnwood,WA,US,98037,18,3800.00,5320.00
SAF07X-3523,Safeway,B,07X,14826 Hwy 99 N,Lynnwood,WA,US,98087,28,4900.00,6860.00
FME07X-0688,Fred Meyer,B,07X,2902 164th St SW,Lynnwood,WA,US,98087,30,5100.00,7140.00
FME07X-0180,Fred Meyer,C,07X,4615 196th St SW Ste 175,Lynnwood,WA,US,98036,38,5700.00,7980.00
SAF07Z-1960,Safeway,A,07Z,80 NE Cedar,Madras,OR,US,97741,18,3800.00,5320.00
QFC07X-0837,Quality Food Center,A,07X,22131 SE 237th Street,Maple Valley,WA,US,98038,10,2700.00,3780.00
SAF07X-1471,Safeway,C,07X,26916 Maple Valley Black Diamond Rd SE,Maple Valley,WA,US,98038,23,4400.00,6160.00
FME07X-0682,Fred Meyer,B,07X,26520 Maple Valley Black Diamond Rd SE,Maple Valley,WA,US,98038,24,4500.00,6300.00
HAG07X-3604,Haggen,B,07X,3711 88th Street NE,Marysville,WA,US,98270,10,2700.00,3780.00
SAF07X-1485,Safeway,B,07X,1258 State Ave,Marysville,WA,US,98270,17,3675.00,5145.00
ALB07X-0471,Albertsons,B,07X,301 Marysville Mall #60,Marysville,WA,US,98270,17,3675.00,5145.00
FME07X-0209,Fred Meyer,A,07X,9925 State Avenue,Marysville,WA,US,98270-4238,28,4900.00,6860.00
ALB07Y-0528,Albertsons,A,07Y,615 SW Keck Dr,Mcminnville,OR,US,97128,18,3800.00,5320.00
SAF07Y-1601,Safeway,B,07Y,2490 NE HIGHWAY 99W,McMinnville,OR,US,97128,21,4175.00,5845.00
ALB07Y-3508,Albertsons,B,07Y,910 N Phoenix Road,Medford,OR,US,97504,9,2550.00,3570.00
SAF07Y-1643,Safeway,B,07Y,3169 Crater Lake Highway,Medford,OR,US,97501,16,3550.00,4970.00
SAF07Y-0525,Safeway,A,07Y,1003 Medford Center,Medford,OR,US,97504,17,3675.00,5145.00
ALB07Y-3593,Albertsons,B,07Y,113 Ross Lane,Medford,OR,US,97501,18,3800.00,5320.00
FME07Y-0196,Fred Meyer,A,07Y,1301 Center Drive,Medford,OR,US,97501,27,4800.00,6720.00
FME07Y-0195,Fred Meyer,C,07Y,2424 Crater Lake Hwy,Medford,OR,US,97504,28,4900.00,6860.00
QFC07X-0806,Quality Food Center,A,07X,8421 SE 68th St,Mercer Island,WA,US,98040,8,2400.00,3360.00
QFC07X-0839,Quality Food Center,A,07X,7823 Se 28Th Street,Mercer Island,WA,US,98040,11,2850.00,3990.00
SAF07X-0458,Safeway,B,07X,16304 Bothell-Everett Hwy,Mill Creek,WA,US,98012,20,4050.00,5670.00
SAF07Z-3545,Safeway,A,07Z,900 E Meridian Ste 12,Milton,WA,US,98354,30,5100.00,7140.00
SAF07Z-2690,Safeway,A,07Z,4320 SE King Rd,Milwaukie,OR,US,97222,17,3675.00,5145.00
SAF07Y-2696,Safeway,C,07Y,14840 SE Webster Rd,Milwaukie,OR,US,97267,18,3800.00,5320.00
FME07Y-0240,Fred Meyer,C,07Y,14700 SE Mcloughlin Blvd,Milwaukie,OR,US,97267-1417,29,5000.00,7000.00
STB05X-0088,Stater Bros.,B,05X,11070 Limonite Avenue,Mira Loma,CA,US,91752,16,3550.00,4970.00
SAF07Y-1751,Safeway,A,07Y,1525 West Main Street,Molalla,OR,US,97038,25,4600.00,6440.00
SAF07X-0537,Safeway,C,07X,19651 U.S. 2,Monroe,WA,US,98272,26,4700.00,6580.00
FME07X-0210,Fred Meyer,C,07X,18805 State Route 2,Monroe,WA,US,98272,30,5100.00,7140.00
STB05X-0073,Stater Bros.,B,05X,9575 Central Ave,Montclair,CA,US,91763,15,3425.00,4795.00
FFL05X-0302,Food 4 Less,B,05X,12200 Perris Blvd,Moreno Valley,CA,US,92557,12,3000.00,4200.00
STB05X-0185,Stater Bros.,B,05X,14425 Moreno Beach Dr,Moreno Valley,CA,US,92555,14,3300.00,4620.00
FFL05X-0398,Food 4 Less,B,05X,24440 Alessandro Blvd,Moreno Valley,CA,US,92553,18,3800.00,5320.00
STB05X-0193,Stater Bros.,B,05X,11875 Pigeon Pass Rd Ste A,Moreno Valley,CA,US,92557,19,3925.00,5495.00
STB05X-0172,Stater Bros.,B,05X,25900 Iris Ave,Moreno Valley,CA,US,92551,24,4500.00,6300.00
HAG07X-0069,Haggen,C,07X,2601 E Division St,Mount Vernon,WA,US,98274,18,3800.00,5320.00
SAF07X-1472,Safeway,B,07X,315 E College Way,Mount Vernon,WA,US,98273,21,4175.00,5845.00
QFC07X-0857,Quality Food Center,B,07X,22803 44th Ave W,Mountlake Terrace,WA,US,98043,10,2700.00,3780.00
SAF07X-0414,Safeway,C,07X,4301 212th St SW,Mountlake Terrace,WA,US,98043,13,3150.00,4410.00
QFC07X-0832,Quality Food Center,C,07X,11700 Mukilteo Speedway,Mukilteo,WA,US,98275,19,3925.00,5495.00
SAF07Y-2623,Safeway,B,07Y,1140 North Springbrook Road,Newberg,OR,US,97132,12,3000.00,4200.00
FME07Y-0220,Fred Meyer,C,07Y,3300 PORTLAND RD,Newberg,OR,US,97132-5412,27,4800.00,6720.00
QFC07X-0827,Quality Food Center,B,07X,6940 Coal Creek Pkwy SE,Newcastle,WA,US,98059,7,2400.00,2400.00
SAF07X-0558,Safeway,A,07X,6911 Coal Creek Parkway East,Newcastle,WA,US,98059,20,4050.00,5670.00
SAF07Y-0378,Safeway,C,07Y,2220 N Coast Hwy,Newport,OR,US,97365,10,2700.00,3780.00
FME07Y-0227,Fred Meyer,B,07Y,150 Northeast 20Th Street,Newport,OR,US,97365-1898,25,4600.00,6440.00
STB05X-0044,Stater Bros.,A,05X,2790 Hamner Ave,Norco,CA,US,92860,12,3000.00,4200.00
STB05X-0199,Stater Bros.,A,05X,2430 River Rd,Norco,CA,US,92860,15,3425.00,4795.00
QFC07X-0829,Quality Food Center,A,07X,460 East North Bend Way,North Bend,WA,US,98045,18,3800.00,5320.00
SAF07X-1528,Safeway,B,07X,460 S.W. Mt Si Boulevard,North Bend,WA,US,98045,20,4050.00,5670.00
SAF07Y-1557,Safeway,C,07Y,1735 Virginia Ave,North Bend,OR,US,97459,24,4500.00,6300.00
SAR07X-0610,Saars,C,07X,32199 Hwy 20,Oak Harbor,WA,US,98277,12,3000.00,4200.00
HAG07X-3427,Haggen,A,07X,31565 State Route 20,Oak Harbor,WA,US,98277,14,3300.00,4620.00
SAF07X-0402,Safeway,C,07X,1450 SW Erie St,Oak Harbor,WA,US,98277,35,5475.00,7665.00
SAF07Z-1952,Safeway,B,07Z,4280 Martin Way E,Olympia,WA,US,98516,14,3300.00,4620.00
HAG07Z-3444,Haggen,C,07Z,1313 Cooper Point Road SW,Olympia,WA,US,98502,18,3800.00,5320.00
ALB07Z-3417,Albertsons,B,07Z,3520 Pacific Ave S E,Olympia,WA,US,98501,18,3800.00,5320.00
SAF07Z-0543,Safeway,C,07Z,4700 Yelm Highway Southeast,Olympia,WA,US,98503,26,4700.00,6580.00
SAF07Z-1173,Safeway,A,07Z,1243 Marvin Road Ne,Olympia,WA,US,98516,27,4800.00,6720.00
SAF07Z-1464,Safeway,C,07Z,3215 Harrison Ave NW,Olympia,WA,US,98502,31,5175.00,7245.00
FFL05X-0320,Food 4 Less,A,05X,2246 S. Euclid Avenue,Ontario,CA,US,91762,8,2400.00,3360.00
RAL05X-0752,Ralphs,C,05X,3075 S Archibald Ave,Ontario,CA,US,91761,14,3300.00,4620.00
STB05X-0108,Stater Bros.,B,05X,646 W Holt Blvd,Ontario,CA,US,91762,16,3550.00,4970.00
STB05X-0059,Stater Bros.,A,05X,1105 W. Philadelphia Street,Ontario,CA,US,91762,17,3675.00,5145.00
STB05X-0204,Stater Bros.,A,05X,3460 E Ontario Ranch Rd,Ontario,CA,US,91761,18,3800.00,5320.00
STB05X-0085,Stater Bros.,B,05X,1939 E 4TH ST,Ontario,CA,US,91764,19,3925.00,5495.00
STB05X-0208,Stater Bros.,C,05X,930 N. Haven Ave,Ontario,CA,US,91764,23,4400.00,6160.00
ALB07Y-0571,Albertsons,C,07Y,19007 South Beavercreek Rd,Oregon City,OR,US,97045,17,3675.00,5145.00
SAF07Y-2993,Safeway,A,07Y,13434 Colton Place,Oregon City,OR,US,97045,20,4050.00,5670.00
FME07Y-0242,Fred Meyer,C,07Y,1839 Molalla Avenue,Oregon City,OR,US,97045-4011,40,5850.00,8190.00
SAF07Z-1844,Safeway,C,07Z,215 Whitesell St NW,Orting,WA,US,98360,18,3800.00,5320.00
RAL05X-0027,Ralphs,A,05X,74884 Country Club Dr,Palm Desert,CA,US,92260,12,3000.00,4200.00
ALB05X-6567,Albertsons,B,05X,42095 Washington Street,Palm Desert,CA,US,92211,12,3000.00,4200.00
STB05X-0181,Stater Bros.,C,05X,78210 Varner Rd,Palm Desert,CA,US,92211,15,3425.00,4795.00
ALB05X-6559,Albertsons,C,05X,74590 Highway 111,Palm Desert,CA,US,92260,21,4175.00,5845.00
VON05X-2384,Vons,A,05X,4733 E. Palm Canyon Drive,Palm Springs,CA,US,92264,11,2850.00,3990.00
ALB05X-6569,Albertsons,B,05X,1751 N Sunrise Way Ste 1,Palm Springs,CA,US,92262,14,3300.00,4620.00
RAL05X-0181,Ralphs,B,05X,1733 E Palm Canyon Dr,Palm Springs,CA,US,92264,15,3425.00,4795.00
STB05X-0126,Stater Bros.,A,05X,1717 E Vista Chino,Palm Springs,CA,US,92262,15,3425.00,4795.00
RAL05X-0611,Ralphs,B,05X,425 S Sunrise Way STE A,Palm Springs,CA,US,92262,18,3800.00,5320.00
SAR07Z-0488,Saars,B,07Z,13322 Pacific Ave S,Parkland,WA,US,98444,8,2400.00,3360.00
STB05X-0116,Stater Bros.,A,05X,4059 Phelan Road,Phelan,CA,US,92371,19,3925.00,5495.00
STB05X-0019,Stater Bros.,B,05X,1045 N Garey Ave,Pomona,CA,US,91767,12,3000.00,4200.00
FFL05X-0358,Food 4 Less,B,05X,2090 S. Garey Avenue,Pomona,CA,US,91766,14,3300.00,4620.00
SAR07X-0630,Saars,B,07X,114 E Lauridsen Blvd,Port Angeles,WA,US,98362,10,2700.00,3780.00
SAF07X-1922,Safeway,C,07X,2709 E Hwy 101,Port Angeles,WA,US,98362,16,3550.00,4970.00
SAF07X-1492,Safeway,C,07X,110 East 3rd Street,Port Angeles,WA,US,98362,30,5100.00,7140.00
QFC07X-0870,Quality Food Center,A,07X,1890 Irondale Road,Port Hadlock,WA,US,98339,12,3000.00,4200.00
SAF07X-3317,Safeway,A,07X,3355 Bethel Rd SE,Port Orchard,WA,US,98366,11,2850.00,3990.00
ALB07X-0475,Albertsons,B,07X,1434 Olney Ave SE,Port Orchard,WA,US,98366,18,3800.00,5320.00
ALB07X-0419,Albertsons,C,07X,370 S W Sedgwick Rd,Port Orchard,WA,US,98367,19,3925.00,5495.00
FME07X-0655,Fred Meyer,A,07X,1900 SE Sedgwick Rd,Port Orchard,WA,US,98366-9500,30,5100.00,7140.00
SAF07X-4608,Safeway,A,07X,2611 Sims Way,Port Townsend,WA,US,98368,3,2400.00,2400.00
QFC07X-0106,Quality Food Center,A,07X,515 Sheridan St,Port Townsend,WA,US,98368,7,2400.00,2400.00
SAF07X-0538,Safeway,A,07X,442 W Sims Way,Port Townsend,WA,US,98368,20,4050.00,5670.00
ALB07Y-0596,Albertsons,A,07Y,18425 NW West Union Rd,Portland,OR,US,97229,7,2400.00,2400.00
QFC07Z-0206,Quality Food Center,A,07Z,6411 SE Milwaukie Ave,Portland,OR,US,97202,8,2400.00,3360.00
QFC07Y-0202,Quality Food Center,C,07Y,7525 Southwest Barnes Road,Portland,OR,US,97225,11,2850.00,3990.00
QFC07Z-0205,Quality Food Center,B,07Z,5544 East Burnside,Portland,OR,US,97215,12,3000.00,4200.00
ALB07Z-0564,Albertsons,B,07Z,451 NE 181st Ave,Portland,OR,US,97230,12,3000.00,4200.00
QFC07Y-0201,Quality Food Center,B,07Y,4756 Northwest Bethany Boulevard,Portland,OR,US,97229,13,3150.00,4410.00
SAF07Y-3136,Safeway,B,07Y,8145 Southwest Barbur Boulevard,Portland,OR,US,97219,13,3150.00,4410.00
ALB07Z-0575,Albertsons,C,07Z,5850 NE Prescott St,Portland,OR,US,97218,14,3300.00,4620.00
SAF07Y-2448,Safeway,A,07Y,1010 SW Jefferson St,Portland,OR,US,97201,16,3550.00,4970.00
SAF07Z-0382,Safeway,C,07Z,3527 Southeast 122nd Avenue,Portland,OR,US,97236,16,3550.00,4970.00
SAF07Y-2790,Safeway,A,07Y,1303 Northwest Lovejoy Street,Portland,OR,US,97209,17,3675.00,5145.00
SAF07Z-3134,Safeway,B,07Z,2800 SE Hawthorne Blvd,Portland,OR,US,97214,17,3675.00,5145.00
SAF07Z-1612,Safeway,C,07Z,1100 NE Broadway St,Portland,OR,US,97232,17,3675.00,5145.00
SAF07Z-0509,Safeway,C,07Z,5920 NE Martin Luther King Jr Blvd,Portland,OR,US,97211,18,3800.00,5320.00
SAF07Z-1627,Safeway,B,07Z,3930 Southeast Powell Boulevard,Portland,OR,US,97202,18,3800.00,5320.00
FME07Z-0075,Fred Meyer,A,07Z,14700 SE Division St,Portland,OR,US,97236-2335,20,4050.00,5670.00
FME07Z-0255,Fred Meyer,C,07Z,6850 N Lombard St,Portland,OR,US,97203-6247,20,4050.00,5670.00
SAF07Z-1951,Safeway,C,07Z,8330 North Ivanhoe Street,Portland,OR,US,97203,20,4050.00,5670.00
SAF07Y-1525,Safeway,C,07Y,13485 Northwest Cornell Road,Portland,OR,US,97225,22,4300.00,6020.00
FME07Z-0125,Fred Meyer,B,07Z,6615 NE Glisan St,Portland,OR,US,97213-5068,23,4400.00,6160.00
SAF07Z-1523,Safeway,C,07Z,4515 SE Woodstock Blvd,Portland,OR,US,97206,26,4700.00,6580.00
FME07Y-0360,Fred Meyer,C,07Y,100 Northwest 20Th Place,Portland,OR,US,97209-1099,28,4900.00,6860.00
SAF07Z-1447,Safeway,C,07Z,6901 NE Sandy Blvd,Portland,OR,US,97213,28,4900.00,6860.00
FME07Z-0600,Fred Meyer,C,07Z,3030 NE Weidler St,Portland,OR,US,97232-1857,31,5175.00,7245.00
FME07Y-0040,Fred Meyer,B,07Y,7555 SW Barbur Blvd,Portland,OR,US,97219-2836,33,5325.00,7455.00
FME07Z-0135,Fred Meyer,B,07Z,3805 SE Hawthorne Blvd,Portland,OR,US,97214-5239,34,5400.00,7560.00
FME07Y-0285,Fred Meyer,A,07Y,7700 SW Beaverton Hillsdale Hwy,Portland,OR,US,97225-2101,36,5550.00,7770.00
FME07Z-0150,Fred Meyer,B,07Z,7404 North Interstate Avenue,Portland,OR,US,97217,38,5700.00,7980.00
SAF07X-3148,Safeway,A,07X,19245 10Th Ave NE,Poulsbo,WA,US,98370,22,4300.00,6020.00
ALB07Z-3106,Albertsons,B,07Z,11012 Canyon Rd E,Puyallup,WA,US,98373,14,3300.00,4620.00
SAF07Z-0422,Safeway,B,07Z,611 South Meridian,Puyallup,WA,US,98371,17,3675.00,5145.00
SAF07Z-1798,Safeway,B,07Z,11501 Canyon Rd E,Puyallup,WA,US,98373,18,3800.00,5320.00
SAF07Z-2729,Safeway,B,07Z,708 Shaw Rd E,Puyallup,WA,US,98372,18,3800.00,5320.00
SAF07Z-3228,Safeway,B,07Z,5616 176Th St. East,Puyallup,WA,US,98375,20,4050.00,5670.00
FME07Z-0265,Fred Meyer,A,07Z,1100 N Meridian Ave,Puyallup,WA,US,98371-4488,32,5250.00,7350.00
SAF07Z-2640,Safeway,A,07Z,13308 E Meridian Ave,Puyallup,WA,US,98373,35,5475.00,7665.00
VON05X-1914,Vons,A,05X,6351 Haven Avenue,Rancho Cucamonga,CA,US,91737,8,2400.00,3360.00
ALB05X-6520,Albertsons,A,05X,11358 Kenyon Way,Rancho Cucamonga,CA,US,91737,12,3000.00,4200.00
RAL05X-0700,Ralphs,A,05X,12201 Highland Avenue,Rancho Cucamonga,CA,US,91730,13,3150.00,4410.00
RAL05X-0717,Ralphs,C,05X,7243 Haven Avenue,Rancho Cucamonga,CA,US,91701,14,3300.00,4620.00
FFL05X-0328,Food 4 Less,B,05X,12879 Foothill Blvd,Rancho Cucamonga,CA,US,91739,15,3425.00,4795.00
VON05X-2147,Vons,A,05X,8778 19th St,Rancho Cucamonga,CA,US,91701,15,3425.00,4795.00
ALB05X-3177,Albertsons,B,05X,8850 Foothill Blvd,Rancho Cucamonga,CA,US,91730,16,3550.00,4970.00
STB05X-0078,Stater Bros.,B,05X,9750 19th St.,Rancho Cucamonga,CA,US,91737,17,3675.00,5145.00
STB05X-0200,Stater Bros.,C,05X,7200 Day Creek Blvd,Rancho Cucamonga,CA,US,91739,19,3925.00,5495.00
RAL05X-0013,Ralphs,B,05X,7369 Milliken Avenue,Rancho Cucamonga,CA,US,91730,20,4050.00,5670.00
ALB05X-6586,Albertsons,B,05X,40101 Monterey Ave.,Rancho Mirage,CA,US,92270,25,4600.00,6440.00
FFL05X-0311,Food 4 Less,B,05X,2070 W. Redlands Boulevard,Redlands,CA,US,92373,7,2400.00,2400.00
VON05X-1734,Vons,B,05X,522 N Orange St,Redlands,CA,US,92374,12,3000.00,4200.00
STB05X-0112,Stater Bros.,B,05X,1536 Barton Road,Redlands,CA,US,92373,14,3300.00,4620.00
STB05X-0018,Stater Bros.,C,05X,11 E Colton Ave,Redlands,CA,US,92374,16,3550.00,4970.00
ALB05X-6519,Albertsons,B,05X,450 E Cypress Ave,Redlands,CA,US,92373,17,3675.00,5145.00
STB05X-0191,Stater Bros.,A,05X,1775 E Lugonia Ave,Redlands,CA,US,92374,25,4600.00,6440.00
QFC07X-0878,Quality Food Center,B,07X,23475 Ne Novelity Hill Road,Redmond,WA,US,98053,7,2400.00,2400.00
ALB07X-2072,Albertsons,A,07X,3925 236th Ave N E,Redmond,WA,US,98053,7,2400.00,2400.00
QFC07X-0820,Quality Food Center,B,07X,15800 Redmond Way,Redmond,WA,US,98052,10,2700.00,3780.00
SAF07X-0496,Safeway,A,07X,15000 NE 24Th Street,Redmond,WA,US,98052,13,3150.00,4410.00
SAF07X-0464,Safeway,A,07X,17246 Redmond Way,Redmond,WA,US,98052,15,3425.00,4795.00
QFC07X-0860,Quality Food Center,A,07X,8867 161St Avenue Northeast,Redmond,WA,US,98052,20,4050.00,5670.00
SAF07Z-1665,Safeway,C,07Z,1705 U.S. 97,Redmond,OR,US,97756,25,4600.00,6440.00
FME07Z-0650,Fred Meyer,A,07Z,944 SW Veterans Way,Redmond,OR,US,97756,29,5000.00,7000.00
SAF07Y-0284,Safeway,A,07Y,1499 U.S. 101,Reedsport,OR,US,97467,8,2400.00,3360.00
SAR07X-0490,Saars,A,07X,3208 NE Sunset Blvd,Renton,WA,US,98056,5,2400.00,2400.00
ALB07X-0453,Albertsons,B,07X,4621 N. E. Sunset Blvd,Renton,WA,US,98059,11,2850.00,3990.00
SAF07X-0366,Safeway,C,07X,2725 NE Sunset Boulevard,Renton,WA,US,98056,16,3550.00,4970.00
SAF07X-0519,Safeway,B,07X,17230 140th Ave SE,Renton,WA,US,98058,16,3550.00,4970.00
QFC07X-0871,Quality Food Center,C,07X,4800 Northeast 4th Street,Renton,WA,US,98059,17,3675.00,5145.00
FME07X-0459,Fred Meyer,A,07X,365 Renton Center Way SW,Renton,WA,US,98057-2324,20,4050.00,5670.00
SAF07X-1563,Safeway,C,07X,200 S 3rd St,Renton,WA,US,98057,20,4050.00,5670.00
SAF07X-3319,Safeway,B,07X,4300 NE 4th St,Renton,WA,US,98059,21,4175.00,5845.00
FME07X-0031,Fred Meyer,B,07X,17801 108th Ave SE,Renton,WA,US,98055-6423,22,4300.00,6020.00
FFL05X-0303,Food 4 Less,A,05X,1410 W. Foothill Boulevard,Rialto,CA,US,92376,11,2850.00,3990.00
STB05X-0012,Stater Bros.,C,05X,571 E Foothill Blvd,Rialto,CA,US,92376,11,2850.00,3990.00
STB05X-0043,Stater Bros.,C,05X,168 East Baseline Rd.,Rialto,CA,US,92376,15,3425.00,4795.00
ROS07Z-0042,Rosauers,C,07Z,101 S. 47th Avenue,Ridgefield,WA,US,98642,15,3425.00,4795.00
RAL05X-0098,Ralphs,B,05X,3350 La Sierra Ave,Riverside,CA,US,92503,11,2850.00,3990.00
FFL05X-0343,Food 4 Less,B,05X,4250 Van Buren Boulevard,Riverside,CA,US,92503,11,2850.00,3990.00
STB05X-0014,Stater Bros.,C,05X,5571 Mission Blvd,Riverside,CA,US,92509,11,2850.00,3990.00
STB05X-0115,Stater Bros.,B,05X,3420 La Sierra Avenue,Riverside,CA,US,92503,11,2850.00,3990.00
STB05X-0001,Stater Bros.,A,05X,9225 Magnolia Ave,Riverside,CA,US,92503,12,3000.00,4200.00
STB05X-0042,Stater Bros.,B,05X,6160 Arlington Avenue,Riverside,CA,US,92504,12,3000.00,4200.00
STB05X-0069,Stater Bros.,B,05X,9155 Jurupa Road,Riverside,CA,US,92509,12,3000.00,4200.00
STB05X-0090,Stater Bros.,C,05X,7770 Limonite Avenue,Riverside,CA,US,92509,12,3000.00,4200.00
RAL05X-0144,Ralphs,B,05X,6155 Magnolia Avenue,Riverside,CA,US,92504,14,3300.00,4620.00
RAL05X-0609,Ralphs,B,05X,5225 Canyon Crest,Riverside,CA,US,92507,14,3300.00,4620.00
FFL05X-0329,Food 4 Less,C,05X,3900 Chicago Avenue,Riverside,CA,US,92507,14,3300.00,4620.00
STB05X-0080,Stater Bros.,A,05X,17050 Van Buren Blvd.,Riverside,CA,US,92504,14,3300.00,4620.00
VON05X-2659,Vons,B,05X,3520 RIVERSIDE PLAZA DR,Riverside,CA,US,92506,14,3300.00,4620.00
ALB05X-6572,Albertsons,A,05X,2975 Van Buren Blvd,Riverside,CA,US,92503,16,3550.00,4970.00
STB05X-0207,Stater Bros.,A,05X,7200 Arlington Ave #102,Riverside,CA,US,92503,16,3550.00,4970.00
STB05X-0022,Stater Bros.,B,05X,4680 La Sierra Ave,Riverside,CA,US,92505,18,3800.00,5320.00
STB05X-0192,Stater Bros.,B,05X,2841 Mary St,Riverside,CA,US,92506,18,3800.00,5320.00
STB05X-0114,Stater Bros.,B,05X,2995 Iowa Avenue,Riverside,CA,US,92507,20,4050.00,5670.00
ALB05X-6514,Albertsons,A,05X,8938 Trautwein Rd,Riverside,CA,US,92508,20,4050.00,5670.00
STB05X-0201,Stater Bros.,C,05X,315 E. Alessandro Blvd,Riverside,CA,US,92508,22,4300.00,6020.00
SHM07Y-0004,Sherms Market,A,07Y,2553 NW Stewart Parkway,Roseburg,OR,US,97471,18,3800.00,5320.00
SAF07Y-1666,Safeway,B,07Y,1539 NE Stephens St.,Roseburg,OR,US,97470,20,4050.00,5670.00
FME07Y-0281,Fred Meyer,B,07Y,929 NW Garden Valley Blvd,Roseburg,OR,US,97471-1900,24,4500.00,6300.00
SAF07Y-0429,Safeway,C,07Y,3380 Lancaster Drive Northeast,Salem,OR,US,97305,17,3675.00,5145.00
SAF07Y-1629,Safeway,A,07Y,1265 Center Street Northeast,Salem,OR,US,97301,21,4175.00,5845.00
SAF07Y-0412,Safeway,C,07Y,1455 Edgewater St NW,Salem,OR,US,97304,23,4400.00,6160.00
SAF07Y-1935,Safeway,C,07Y,5660 Commercial St SE,Salem,OR,US,97306,24,4500.00,6300.00
FME07Y-0225,Fred Meyer,A,07Y,2855 Broadway St NE,Salem,OR,US,97303-6502,25,4600.00,6440.00
FME07Y-0355,Fred Meyer,B,07Y,3450 Commercial St SE,Salem,OR,US,97302-4682,27,4800.00,6720.00
FME07Y-0090,Fred Meyer,A,07Y,3740 Market St NE,Salem,OR,US,97301-1826,32,5250.00,7350.00
QFC07X-0824,Quality Food Center,C,07X,2902 228Th Avenue Se,Sammamish,WA,US,98075-9516,12,3000.00,4200.00
QFC07X-0840,Quality Food Center,C,07X,4570 Klahanie Drive Se,SAMMAMISH,WA,US,98029-5812,14,3300.00,4620.00
SAF07X-0555,Safeway,A,07X,630 228Th Avenue N E,Sammamish,WA,US,98074,16,3550.00,4970.00
FFL05X-0301,Food 4 Less,B,05X,555 W 2nd St Ste A,San Bernardino,CA,US,92401,9,2550.00,3570.00
STB05X-0002,Stater Bros.,A,05X,444 E Baseline St,San Bernardino,CA,US,92410,11,2850.00,3990.00
RAL05X-0753,Ralphs,C,05X,4444 University Parkway,San Bernardino,CA,US,92407,13,3150.00,4410.00
STB05X-0008,Stater Bros.,B,05X,1085 W Highland Avenue,San Bernardino,CA,US,92405,14,3300.00,4620.00
STB05X-0024,Stater Bros.,A,05X,1522 E Highland Ave,San Bernardino,CA,US,92404,16,3550.00,4970.00
STB05X-0107,Stater Bros.,B,05X,977 Kendall Dr,San Bernardino,CA,US,92407,18,3800.00,5320.00
STB05X-0036,Stater Bros.,B,05X,161 E 40th St,San Bernardino,CA,US,92404,20,4050.00,5670.00
SAF07Z-0782,Safeway,A,07Z,37601 U.S. 26,Sandy,OR,US,97055,14,3300.00,4620.00
FME07Z-0663,Fred Meyer,A,07Z,16625 362nd Avenue,Sandy,OR,US,97055,40,5850.00,8190.00
FME07Z-0462,Fred Meyer,A,07Z,51501 South Columbia River,Scappoose,OR,US,97056,26,4700.00,6580.00
SAF07Z-1260,Safeway,A,07Z,401 South Roosevelt,Seaside,OR,US,97138,17,3675.00,5145.00
ALB07X-0408,Albertsons,B,07X,2550 32nd Ave W,Seattle,WA,US,98199,6,2400.00,2400.00
QFC07X-0883,Quality Food Center,C,07X,4550 42nd Avenue Southwest,Seattle,WA,US,98116,7,2400.00,2400.00
SAF07X-0219,Safeway,C,07X,3900 South Othello Street,Seattle,WA,US,98118,10,2700.00,3780.00
QFC07X-0825,Quality Food Center,C,07X,2500 SW Barton,Seattle,WA,US,98126,12,3000.00,4200.00
QFC07X-0849,Quality Food Center,A,07X,2707 Rainier Avenue South,Seattle,WA,US,98144,12,3000.00,4200.00
QFC07X-0872,Quality Food Center,B,07X,9999 Holman Road Northwest,Seattle,WA,US,98117,12,3000.00,4200.00
SAF07X-1062,Safeway,B,07X,4754 42nd Avenue SW,Seattle,WA,US,98116,12,3000.00,4200.00
SAF07X-1885,Safeway,B,07X,516 1st Avenue West,Seattle,WA,US,98119,12,3000.00,4200.00
QFC07X-0891,Quality Food Center,A,07X,5700 24th Ave NW,Seattle,WA,US,98107,13,3150.00,4410.00
QFC07X-0805,Quality Food Center,B,07X,17847 First Avenue South,Seattle,WA,US,98148,13,3150.00,4410.00
QFC07X-0881,Quality Food Center,B,07X,500 Mercer Street,Seattle,WA,US,98109,13,3150.00,4410.00
SAF07X-3275,Safeway,B,07X,2100 Queen Anne Avenue N,Seattle,WA,US,98109,13,3150.00,4410.00
SAF07X-0423,Safeway,A,07X,7340 35th Avenue Northeast,Seattle,WA,US,98115,13,3150.00,4410.00
SAR07X-0530,Saars,A,07X,10616 16th Ave SW,Seattle,WA,US,98146,15,3425.00,4795.00
QFC07X-0807,Quality Food Center,C,07X,2746 Ne 45Th Street,Seattle,WA,US,98105,15,3425.00,4795.00
QFC07X-0866,Quality Food Center,A,07X,11100 Roosevelt Way Ne,Seattle,WA,US,98125,15,3425.00,4795.00
QFC07X-0811,Quality Food Center,B,07X,1600 West Dravus,Seattle,WA,US,98119,16,3550.00,4970.00
QFC07X-0858,Quality Food Center,B,07X,1531 Ne 145Th Street,Seattle,WA,US,98155,16,3550.00,4970.00
QFC07X-0869,Quality Food Center,C,07X,1801 N 45th St,Seattle,WA,US,98103,16,3550.00,4970.00
QFC07X-0887,Quality Food Center,B,07X,417 Broadway East,Seattle,WA,US,98102-4647,16,3550.00,4970.00
SAF07X-1493,Safeway,C,07X,4011 S 164th St,Seattle,WA,US,98188,16,3550.00,4970.00
SAF07X-1477,Safeway,C,07X,1423 Nw Market Street,Seattle,WA,US,98107,17,3675.00,5145.00
SAF07X-1508,Safeway,C,07X,3820 Rainier Avenue South,Seattle,WA,US,98118,17,3675.00,5145.00
QFC07X-0847,Quality Food Center,B,07X,1401 Broadway Ave,Seattle,WA,US,98122,18,3800.00,5320.00
SAF07X-1586,Safeway,A,07X,12318 15Th Avenue Northeast,Seattle,WA,US,98125,19,3925.00,5495.00
SAF07X-2932,Safeway,B,07X,2622 California Avenue West,Seattle,WA,US,98116,20,4050.00,5670.00
SAF07X-1993,Safeway,A,07X,2201 East Madison Street,Seattle,WA,US,98122,21,4175.00,5845.00
SAF07X-1550,Safeway,C,07X,7300 Roosevelt Way NE,Seattle,WA,US,98115,23,4400.00,6160.00
SAF07X-1965,Safeway,C,07X,9262 Rainier Avenue South,Seattle,WA,US,98118,23,4400.00,6160.00
SAF07X-1551,Safeway,C,07X,1410 East John Street,Seattle,WA,US,98112,24,4500.00,6300.00
SAF07X-3091,Safeway,A,07X,4732 Brooklyn Ave NE,Seattle,WA,US,98105,24,4500.00,6300.00
SAF07X-1143,Safeway,A,07X,8340 15Th Avenue Nw,Seattle,WA,US,98117,26,4700.00,6580.00
SAF07X-1923,Safeway,C,07X,9620 28Th Ave SW,Seattle,WA,US,98126,29,5000.00,7000.00
FME07X-0608,Fred Meyer,B,07X,915 Northwest 45Th Street,Seattle,WA,US,98107,31,5175.00,7245.00
FME07X-0122,Fred Meyer,C,07X,100 Northwest  85Th Street,Seattle,WA,US,98117-3046,32,5250.00,7350.00
FPV07X-0022,Food Pavillion,B,07X,530 Crossroads Square,Sedro Woolley,WA,US,98284,6,2400.00,2400.00
QFC07X-0841,Quality Food Center,B,07X,990 East Washington Street,Sequim,WA,US,98382,8,2400.00,3360.00
SAF07X-1448,Safeway,B,07X,680 W Washington St,Sequim,WA,US,98382,20,4050.00,5670.00
FME07X-0603,Fred Meyer,B,07X,301 E Wallace Kneeland Blvd,Shelton,WA,US,98584-2991,18,3800.00,5320.00
SAF07X-0585,Safeway,C,07X,600 W Franklin St,Shelton,WA,US,98584,18,3800.00,5320.00
SAF07Y-1800,Safeway,B,07Y,20685 SW Roy Rogers Road,Sherwood,OR,US,97140,16,3550.00,4970.00
QFC07X-0816,Quality Food Center,B,07X,600 NW Richmond Beach Rd,Shoreline,WA,US,98177,7,2400.00,2400.00
SAF07X-0497,Safeway,B,07X,17202 15Th Avenue N E,Shoreline,WA,US,98155,12,3000.00,4200.00
SAF07X-3213,Safeway,C,07X,15332 Aurora Ave N.,Shoreline,WA,US,98133,16,3550.00,4970.00
FME07X-0013,Fred Meyer,B,07X,18325 Aurora Avenue North,Shoreline,WA,US,98133-4496,28,4900.00,6860.00
SAF07X-1680,Safeway,A,07X,2890 Nw Bucklin Hill Road,Silverdale,WA,US,98383,37,5625.00,7875.00
SAF07Y-1580,Safeway,A,07Y,301 Westfield Street,Silverton,OR,US,97381,20,4050.00,5670.00
SAF07X-1076,Safeway,C,07X,1119 13TH St.,Snohomish,WA,US,98290,8,2400.00,3360.00
SAF07X-3419,Safeway,A,07X,17520 SR 9 SE,Snohomish,WA,US,98296,10,2700.00,3780.00
HAG07X-0057,Haggen,B,07X,1301 Ave D,Snohomish,WA,US,98290,13,3150.00,4410.00
FME07X-0681,Fred Meyer,B,07X,2801 Bickford Avenue,Snohomish,WA,US,98290,23,4400.00,6160.00
SAF07X-3613,Safeway,B,07X,34828 SE Douglas St.,Snoqualmie,WA,US,98065,14,3300.00,4620.00
FME07Z-0424,Fred Meyer,A,07Z,17404 Meridian E,South Hill,WA,US,98375,32,5250.00,7350.00
FME07Z-0604,Fred Meyer,A,07Z,22303 Mountain Highway East,Spanaway,WA,US,98387-7529,21,4175.00,5845.00
ALB07Y-0570,Albertsons,C,07Y,2000 Marcola Rd.,Springfield,OR,US,97477,8,2400.00,3360.00
SAF07Y-1094,Safeway,C,07Y,1891 Pioneer Parkway East,Springfield,OR,US,97477,16,3550.00,4970.00
FME07Y-0328,Fred Meyer,B,07Y,650 Q Street,Springfield,OR,US,97477-2325,19,3925.00,5495.00
ALB07Y-0574,Albertsons,A,07Y,5755 Main St,Springfield,OR,US,97478,26,4700.00,6580.00
SAF07Z-0424,Safeway,B,07Z,795 Columbia River Highway,St. Helens,OR,US,97051,19,3925.00,5495.00
HAG07X-3480,Haggen,B,07X,26603 72nd Avenue NW,Stanwood,WA,US,98292,12,3000.00,4200.00
QFC07X-0879,Quality Food Center,B,07X,27008 92ND Avenue NW,Stanwood,WA,US,98292,15,3425.00,4795.00
SAF07Y-1527,Safeway,A,07Y,1535 North 1St Street,Stayton,OR,US,97383,20,4050.00,5670.00
SAF07Z-0544,Safeway,C,07Z,21301 Washington 410,Sumner,WA,US,98390,19,3925.00,5495.00
FME07Z-0665,Fred Meyer,B,07Z,1201 Valley Ave,Sumner,WA,US,98390,34,5400.00,7560.00
SAF07Y-1710,Safeway,C,07Y,1540 Main Street,Sweet Home,OR,US,97386,17,3675.00,5145.00
QFC07Z-0105,Quality Food Center,B,07Z,11104 Pacific Ave S,Tacoma,WA,US,98444,6,2400.00,2400.00
SAF07Z-0329,Safeway,A,07Z,1112 South M Street,Tacoma,WA,US,98405,10,2700.00,3780.00
QFC07Z-0831,Quality Food Center,B,07Z,4101 49th Ave NE,Tacoma,WA,US,98422,12,3000.00,4200.00
ALB07Z-0493,Albertsons,A,07Z,104 Military Rd S,Tacoma,WA,US,98444,12,3000.00,4200.00
SAF07Z-1437,Safeway,B,07Z,1302 S 38th St,Tacoma,WA,US,98418,14,3300.00,4620.00
SAF07Z-1594,Safeway,A,07Z,707 South 56Th Street,Tacoma,WA,US,98408,14,3300.00,4620.00
SAF07Z-3424,Safeway,B,07Z,2411 N PROCTOR ST,Tacoma,WA,US,98406,15,3425.00,4795.00
SAF07Z-3305,Safeway,A,07Z,15805 Pacific Ave S,Tacoma,WA,US,98444,15,3425.00,4795.00
SAF07Z-0486,Safeway,C,07Z,3842 Bridgeport Way West,Tacoma,WA,US,98466,17,3675.00,5145.00
FME07Z-0605,Fred Meyer,C,07Z,6901 S 19th St,Tacoma,WA,US,98466-5529,18,3800.00,5320.00
FME07Z-0390,Fred Meyer,A,07Z,4505 S 19th St,Tacoma,WA,US,98405-1183,23,4400.00,6160.00
SAF07Z-1436,Safeway,B,07Z,1624 72nd St E,Tacoma,WA,US,98404,24,4500.00,6300.00
SAF07X-1978,Safeway,B,07X,2637 North Pearl Street,Tacoma,WA,US,98407,34,5400.00,7560.00
SAF07Z-1489,Safeway,A,07Z,520 Mount Hood Street,The Dalles,OR,US,97058,23,4400.00,6160.00
FME07Z-0372,Fred Meyer,A,07Z,1215 W 6Th St,The Dalles,OR,US,97058-3585,33,5325.00,7455.00
SAF07Y-3542,Safeway,A,07Y,14300 SW Barrows Rd,Tigard,OR,US,97223,10,2700.00,3780.00
FME07Y-0375,Fred Meyer,A,07Y,11565 SW Pacific Hwy,Tigard,OR,US,97223,34,5400.00,7560.00
SAF07Y-2723,Safeway,C,07Y,1815 4Th Street,Tillamook,OR,US,97141,16,3550.00,4970.00
FME07Y-0377,Fred Meyer,C,07Y,2500 North Main Street,Tillamook,OR,US,97141,22,4300.00,6020.00
SAF07Z-0536,Safeway,C,07Z,25691 SE Stark St,Troutdale,OR,US,97060,18,3800.00,5320.00
FME07Y-0393,Fred Meyer,C,07Y,19200 SW Martinazzi AVE,Tualatin,OR,US,97062-6357,36,5550.00,7770.00
SAR07X-0624,Saars,B,07X,3725 S. 144th,Tukwila,WA,US,98168,10,2700.00,3780.00
SAF07Z-1407,Safeway,B,07Z,705 Trosper Rd SW,Tumwater,WA,US,98512,17,3675.00,5145.00
SAF07Z-1503,Safeway,C,07Z,500 Cleveland Avenue Southeast,Tumwater,WA,US,98501,18,3800.00,5320.00
FME07Z-0659,Fred Meyer,B,07Z,555 Trosper Road Southwest,Tumwater,WA,US,98512,36,5550.00,7770.00
STB05X-0105,Stater Bros.,A,05X,71727 29 Palms Highway,Twentynine Palms,CA,US,92277,15,3425.00,4795.00
FME07Z-0615,Fred Meyer,C,07Z,6305 Bridgeport Way West,University Place,WA,US,98467,28,4900.00,6860.00
STB05X-0045,Stater Bros.,A,05X,919 N. Mountain Avenue,Upland,CA,US,91786,13,3150.00,4410.00
STB05X-0065,Stater Bros.,A,05X,1619 N Mountain Ave,Upland,CA,US,91784,16,3550.00,4970.00
VON05X-2681,Vons,B,05X,81 W Foothill Blvd,Upland,CA,US,91786,16,3550.00,4970.00
ALB05X-0599,Albertsons,B,05X,1910 N. Campus Ave.,Upland,CA,US,91784,19,3925.00,5495.00
SAF07Z-0400,Safeway,C,07Z,3707 N Main St,Vancouver,WA,US,98663,12,3000.00,4200.00
SAF07Z-1103,Safeway,C,07Z,6701 E Mill Plain Blvd,Vancouver,WA,US,98661,12,3000.00,4200.00
QFC07Z-0212,Quality Food Center,B,07Z,3505 SE 192nd Ave,Vancouver,WA,US,98683,13,3150.00,4410.00
SAF07Z-1842,Safeway,B,07Z,13023 NE Hwy 99,Vancouver,WA,US,98686,13,3150.00,4410.00
ALB07Z-0580,Albertsons,B,07Z,14300 NE 20th Ave,Vancouver,WA,US,98686,13,3150.00,4410.00
FME07Z-0140,Fred Meyer,B,07Z,7700 NE Highway 99,Vancouver,WA,US,98665-8890,19,3925.00,5495.00
SAF07Z-1611,Safeway,A,07Z,6711 NE 63rd St,Vancouver,WA,US,98661,19,3925.00,5495.00
SAF07Z-1704,Safeway,A,07Z,6700 NE 162nd Ave Ste 500,Vancouver,WA,US,98682,24,4500.00,6300.00
SAF07Z-4405,Safeway,B,07Z,408 NE 81st St,Vancouver,WA,US,98665,25,4600.00,6440.00
FME07Z-0208,Fred Meyer,A,07Z,11325 Southeast Mill Plain Blvd,Vancouver,WA,US,98684,28,4900.00,6860.00
FME07Z-0093,Fred Meyer,C,07Z,16600 Southeast Mcgillivray Boulevard,Vancouver,WA,US,98683-8421,29,5000.00,7000.00
SAF07Z-1653,Safeway,C,07Z,2615 NE 112th Ave,Vancouver,WA,US,98684,30,5100.00,7140.00
FME07Z-0683,Fred Meyer,C,07Z,2500 Columbia House Blvd,Vancouver,WA,US,98661,32,5250.00,7350.00
FME07Z-0236,Fred Meyer,A,07Z,7411 NE 117th Ave,Vancouver,WA,US,98662,33,5325.00,7455.00
FME07Z-0460,Fred Meyer,B,07Z,800 NE Tenney Rd,Vancouver,WA,US,98685,34,5400.00,7560.00
FFL05X-0397,Food 4 Less,C,05X,14738 La Paz Dr,Victorville,CA,US,92392,12,3000.00,4200.00
VON05X-2131,Vons,B,05X,12199 Hesperia Rd,Victorville,CA,US,92395,12,3000.00,4200.00
FFL05X-0305,Food 4 Less,B,05X,16266 Bear Valley Rd,Victorville,CA,US,92392,16,3550.00,4970.00
STB05X-0123,Stater Bros.,B,05X,15235 Hook Boulevard,Victorville,CA,US,92394,16,3550.00,4970.00
STB05X-0118,Stater Bros.,A,05X,13760 Bear Valley Road,Victorville,CA,US,92392,18,3800.00,5320.00
FME07Z-0218,Fred Meyer,A,07Z,695 Highway 101,Warrenton,OR,US,97146-9527,20,4050.00,5670.00
SAF07Z-1687,Safeway,B,07Z,3307 SE Evergreen Way Ste 5,Washougal,WA,US,98671,16,3550.00,4970.00
SAF07Y-1713,Safeway,C,07Y,22000 Salamo Road,West Linn,OR,US,97068,22,4300.00,6020.00
SAF07Y-0285,Safeway,A,07Y,8255 SW Wilsonville RD,Wilsonville,OR,US,97070,23,4400.00,6160.00
FME07Y-0516,Fred Meyer,B,07Y,30300 Southwest boones ferry Road,Wilsonville,OR,US,97070,28,4900.00,6860.00
FME07Z-0660,Fred Meyer,A,07Z,22855 NE Park Ln,Wood Village,OR,US,97060,26,4700.00,6580.00
SAF07Y-1976,Safeway,A,07Y,1550 North Pacific Highway,Woodburn,OR,US,97071,21,4175.00,5845.00
SAF07X-0533,Safeway,B,07X,19150 NE Woodinville Duvall Rd,Woodinville,WA,US,98077,16,3550.00,4970.00
HAG07X-3498,Haggen,B,07X,17641 Garden Way NE,Woodinville,WA,US,98072,22,4300.00,6020.00
SAF07Z-1762,Safeway,A,07Z,1725 Pacific Ave,Woodland,WA,US,98674,27,4800.00,6720.00
SAF07Z-1619,Safeway,C,07Z,1109 Yelm Avenue,Yelm,WA,US,98597,27,4800.00,6720.00
STB05X-0023,Stater Bros.,C,05X,34460 Yucaipa Blvd,Yucaipa,CA,US,92399,15,3425.00,4795.00
STB05X-0125,Stater Bros.,B,05X,11365 Bryant St,Yucaipa,CA,US,92399,16,3550.00,4970.00
VON05X-1796,Vons,B,05X,33644 Yucaipa Blvd,Yucaipa,CA,US,92399,17,3675.00,5145.00
VON05X-3058,Vons,A,05X,57590 29 Palms Hwy,Yucca Valley,CA,US,92284,9,2550.00,3570.00
STB05X-0096,Stater Bros.,B,05X,57075 Twentynine Palms Hwy.,Yucca Valley,CA,US,92284,13,3150.00,4410.00
STB05X-0120,Stater Bros.,A,05X,58060 29 Palms Hwy,Yucca Valley,CA,US,92284,14,3300.00,4620.00